,Trend,Seasonality,Autocorrelation,Stationarity,Heteroscedasticity,Residual Patterns,Outliers,Non-Linearity,Periodicity,Magnitude of Fluctuations,Time Series Length,tsfeature1,tsfeature2,tsfeature3,tsfeature4,tsfeature5,tsfeature6,tsfeature7,tsfeature8,tsfeature9,tsfeature10,tsfeature11,tsfeature12,tsfeature13,tsfeature14,tsfeature15,tsfeature16,tsfeature17,tsfeature18,tsfeature19,tsfeature20,tsfeature21,tsfeature22,tsfeature23,tsfeature24,tsfeature25,tsfeature26,tsfeature27,tsfeature28,tsfeature29,tsfeature30,tsfeature31,tsfeature32,tsfeature33,tsfeature34,tsfeature35,tsfeature36,tsfeature37,tsfeature38,tsfeature39,tsfeature40,tsfeature41,tsfeature42,tsfeature43,tsfeature44,tsfeature45,tsfeature46,tsfeature47
0,6348.909359605913,0.8128560478762006,1.0,True,True,False,0,Linear,Yes,212219.94626143348,29,442287.9655172414,240655950032.5862,442287.9655172414,442287.9655172414,1.0,442287.9655172414,1.0,1.0,1.0,442287.9655172414,442287.9655172414,442287.9655172414,-0.05431079678914228,442287.9655172414,442287.9655172414,442287.9655172414,442287.9655172414,442287.9655172414,442287.9655172414,442287.9655172414,442287.9655172414,1.0,1.0,1.0,1.0,1.0,1.0,1.0,1.0,271251.4227815946,171554.46291022495,121307.32406663612,85777.23145511247,442287.9655172414,442287.9655172414,0.034482758620689655,0.034482758620689655,1.0,1.0,1.0,0.034482758620689655,1.0,1.0,1.0,1.0,1.0,1.0
